{"info":{"_postman_id":"8674d4c8-0ad0-43c8-88b8-fbd0747c12e2","name":"Stat","schema":"https://schema.getpostman.com/json/collection/v2.1.0/collection.json"},"item":[{"name":"stat","id":"f1eab7de-0239-445e-bd8b-2428fc323e74","protocolProfileBehavior":{"disableBodyPruning":true},"request":{"method":"POST","header":[],"body":{"mode":"raw","raw":"email13@gmail.com","options":{"raw":{"language":"json"}}},"url":{"raw":"https://localhost:8080/stat","protocol":"https","host":["localhost"],"port":"8080","path":["stat"]}},"response":[]}]}