{
	"info": {
		"_postman_id": "949efcad-3bd7-4fc0-bb43-e3fb7c7effdf",
		"name": "User-OAuth2",
		"schema": "https://schema.getpostman.com/json/collection/v2.1.0/collection.json",
		"_exporter_id": "10992623"
	},
	"item": [
		{
			"name": "add-user-oauth2",
			"request": {
				"method": "POST",
				"header": [],
				"body": {
					"mode": "raw",
					"raw": "{\r\n    \"username\": \"Новый пользователь1\",\r\n    \"email\": \"new1@email.com\",\r\n    \"password\": \"bzsdsnmbsdbmnf\"\r\n}",
					"options": {
						"raw": {
							"language": "json"
						}
					}
				},
				"url": {
					"raw": "http://localhost:8765/planner-users/user/add",
					"protocol": "http",
					"host": [
						"localhost"
					],
					"port": "8765",
					"path": [
						"planner-users",
						"user",
						"add"
					]
				}
			},
			"response": []
		}
	]
}