{"info":{"_postman_id":"03205729-79c4-45a3-90ff-8b7e5d2794d0","name":"User-micro","schema":"https://schema.getpostman.com/json/collection/v2.1.0/collection.json"},"item":[{"name":"add-user-micro","id":"1c795668-5b49-4a20-b9db-986d29cb7b82","protocolProfileBehavior":{"disableBodyPruning":true},"request":{"method":"POST","header":[],"body":{"mode":"raw","raw":"{\r\n    \"username\": \"Новый пользователь1\",\r\n    \"email\": \"new1@email.com\",\r\n    \"password\": \"bzsdsnmbsdbmnf\"\r\n}","options":{"raw":{"language":"json"}}},"url":{"raw":"http://localhost:8765/planner-users/user/add","protocol":"http","host":["localhost"],"port":"8765","path":["planner-users","user","add"]}},"response":[]},{"name":"user-roles-micro","id":"e0fad843-9392-4e3d-a1cc-1c572a74c6bb","protocolProfileBehavior":{"disableBodyPruning":true},"request":{"method":"POST","header":[],"body":{"mode":"raw","raw":"{\r\n    \"username\": \"Новый пользователь1\",\r\n    \"email\": \"new1@email.com\",\r\n    \"password\": \"bzsdsnmbsdbmnf\"\r\n}","options":{"raw":{"language":"json"}}},"url":{"raw":"http://localhost:8765/planner-users/user/add","protocol":"http","host":["localhost"],"port":"8765","path":["planner-users","user","add"]}},"response":[]},{"name":"delete-user-byid-micro","id":"f3d050f8-c5c5-43c6-9c7d-9d72db0e1cd5","protocolProfileBehavior":{"disableBodyPruning":true},"request":{"method":"POST","header":[],"body":{"mode":"raw","raw":"3","options":{"raw":{"language":"json"}}},"url":{"raw":"http://localhost:8765/planner-users/user/deletebyid","protocol":"http","host":["localhost"],"port":"8765","path":["planner-users","user","deletebyid"]}},"response":[]},{"name":"update-user-micro","id":"22e0d736-57d8-43bc-b7d7-52d120bb1985","protocolProfileBehavior":{"disableBodyPruning":true},"request":{"method":"PUT","header":[],"body":{"mode":"raw","raw":"{\r\n    \"id\": 1,\r\n    \"title\": \"Тестовая !!!!\",\r\n    \"completed\": false,\r\n    \"taskDate\": \"2017-01-02T18:00:00.000+00:00\",\r\n    \"priority\": {\r\n        \"id\": 2\r\n    },\r\n    \"category\": {\r\n        \"id\": 10\r\n    },\r\n    \"userId\": \"123\"\r\n}","options":{"raw":{"language":"json"}}},"url":{"raw":"http://localhost:8765/planner-todo/task/update","protocol":"http","host":["localhost"],"port":"8765","path":["planner-todo","task","update"]}},"response":[]},{"name":"search-users-micro","id":"2897d877-fb56-46b8-85b7-4234a00c2bc8","protocolProfileBehavior":{"disableBodyPruning":true},"request":{"method":"POST","header":[],"body":{"mode":"raw","raw":"{\r\n    \"email\": \"123\",\r\n    \"username\": \"123\",\r\n    \"sortColumn\": \"username\",\r\n    \"sortDirection\": \"desc\",\r\n    \"pageNumber\": 0,\r\n    \"pageSize\": 5\r\n}","options":{"raw":{"language":"json"}}},"url":{"raw":"http://localhost:8765/planner-users/user/search","protocol":"http","host":["localhost"],"port":"8765","path":["planner-users","user","search"]}},"response":[]},{"name":"delete-user-byemail-micro","id":"03039e73-cfa6-43a0-b012-59b04bbcd114","protocolProfileBehavior":{"disableBodyPruning":true},"request":{"method":"POST","header":[],"body":{"mode":"raw","raw":"new1@email.com","options":{"raw":{"language":"json"}}},"url":{"raw":"http://localhost:8765/planner-users/user/deletebyemail","protocol":"http","host":["localhost"],"port":"8765","path":["planner-users","user","deletebyemail"]}},"response":[]},{"name":"get-user-by-id-micro","id":"16f463ef-30e6-47fd-a10a-fa3d1f615aba","protocolProfileBehavior":{"disableBodyPruning":true},"request":{"method":"POST","header":[],"body":{"mode":"raw","raw":"2","options":{"raw":{"language":"json"}}},"url":{"raw":"http://localhost:8765/planner-users/user/id","protocol":"http","host":["localhost"],"port":"8765","path":["planner-users","user","id"]}},"response":[]},{"name":"get-user-by-email-micro","id":"4b1d0da4-953d-40e9-82a4-53bf433d61bd","protocolProfileBehavior":{"disableBodyPruning":true},"request":{"method":"POST","header":[],"body":{"mode":"raw","raw":"new1@email.com","options":{"raw":{"language":"json"}}},"url":{"raw":"http://localhost:8765/planner-users/user/email","protocol":"http","host":["localhost"],"port":"8765","path":["planner-users","user","email"]}},"response":[]},{"name":"init-user-data-micro","id":"25ed273e-09ec-454a-80b2-95700009fec7","protocolProfileBehavior":{"disableBodyPruning":true},"request":{"method":"POST","header":[],"body":{"mode":"raw","raw":"9","options":{"raw":{"language":"json"}}},"url":{"raw":"http://localhost:8765/planner-todo/data/init","protocol":"http","host":["localhost"],"port":"8765","path":["planner-todo","data","init"]}},"response":[]}]}