{"info":{"_postman_id":"2ed745ec-ba64-4c58-8db6-2a7f817ba860","name":"Priority-micro","schema":"https://schema.getpostman.com/json/collection/v2.1.0/collection.json"},"item":[{"name":"add-priority-micro","id":"39fb58b3-e452-4128-acea-1b5ad29f50e5","protocolProfileBehavior":{"disableBodyPruning":true},"request":{"method":"POST","header":[],"body":{"mode":"raw","raw":"{\r\n        \"title\": \"Супер высокий\",\r\n        \"color\": \"#fff\",\r\n        \"userId\": \"1234\"\r\n}","options":{"raw":{"language":"json"}}},"url":{"raw":"http://localhost:8765/planner-todo/priority/add","protocol":"http","host":["localhost"],"port":"8765","path":["planner-todo","priority","add"]}},"response":[]},{"name":"priorities-by-userid-micro","id":"3b441840-c829-47cb-ae01-482d9d1d2468","protocolProfileBehavior":{"disableBodyPruning":true,"disabledSystemHeaders":{"content-type":true}},"request":{"method":"POST","header":[{"key":"Content-Type","value":"application/json;charset=utf8","type":"default"}],"body":{"mode":"raw","raw":"1234"},"url":{"raw":"http://localhost:8765/planner-todo/priority/all","protocol":"http","host":["localhost"],"port":"8765","path":["planner-todo","priority","all"]}},"response":[]},{"name":"update-priority-micro","id":"907b0776-e850-48c2-81ab-1b8002307418","protocolProfileBehavior":{"disableBodyPruning":true},"request":{"method":"PUT","header":[],"body":{"mode":"raw","raw":"{\r\n    \"id\": 1,\r\n    \"title\": \"Супер высокий22\",\r\n    \"color\": \"#fff\",\r\n    \"userId\":1234\r\n}","options":{"raw":{"language":"json"}}},"url":{"raw":"http://localhost:8765/planner-todo/priority/update","protocol":"http","host":["localhost"],"port":"8765","path":["planner-todo","priority","update"]}},"response":[]},{"name":"search-priority-micro","id":"e31bc2d9-0e5e-482f-a958-890e1d543c3b","protocolProfileBehavior":{"disableBodyPruning":true},"request":{"method":"POST","header":[],"body":{"mode":"raw","raw":"{\r\n        \"title\": \"выс\",\r\n        \"userId\": \"1234\"\r\n}","options":{"raw":{"language":"json"}}},"url":{"raw":"http://localhost:8765/planner-todo/priority/search","protocol":"http","host":["localhost"],"port":"8765","path":["planner-todo","priority","search"]}},"response":[]},{"name":"search-priority-by-id-micro","id":"bdae3eab-4a6c-48fd-b73d-f8cf1c1c8ff2","protocolProfileBehavior":{"disableBodyPruning":true},"request":{"method":"POST","header":[],"body":{"mode":"raw","raw":"1","options":{"raw":{"language":"json"}}},"url":{"raw":"http://localhost:8765/planner-todo/priority/id","protocol":"http","host":["localhost"],"port":"8765","path":["planner-todo","priority","id"]}},"response":[]},{"name":"delete-priority-micro","id":"5c9017ec-f362-4aed-88bb-9343c4858c9e","protocolProfileBehavior":{"disableBodyPruning":true},"request":{"method":"DELETE","header":[],"body":{"mode":"raw","raw":"","options":{"raw":{"language":"json"}}},"url":{"raw":"http://localhost:8765/planner-todo/priority/delete/1","protocol":"http","host":["localhost"],"port":"8765","path":["planner-todo","priority","delete","1"]}},"response":[]}]}