{"info":{"_postman_id":"3ef18a7a-f2a3-4d0d-a9c5-af47ab44a19a","name":"client credentials","schema":"https://schema.getpostman.com/json/collection/v2.1.0/collection.json"},"item":[{"name":"get-access-token-cc","id":"49a32896-d5bb-4fd4-a37d-83ddd8d62b72","protocolProfileBehavior":{"disableBodyPruning":true},"request":{"method":"POST","header":[],"body":{"mode":"urlencoded","urlencoded":[{"key":"grant_type","value":"client_credentials","type":"text"},{"key":"client_id","value":"todoapp-client","type":"text"},{"key":"client_secret","value":"zjq6Qw36MK13fXyQAYcPxrDMCuq6TQuP","type":"text"},{"key":"scope","value":"profile","type":"text"}]},"url":{"raw":"http://localhost:8180/realms/todoapp-realm/protocol/openid-connect/token","protocol":"http","host":["localhost"],"port":"8180","path":["realms","todoapp-realm","protocol","openid-connect","token"]}},"response":[]}]}