{"info":{"_postman_id":"479e5bb7-8277-4c42-a3d3-1c5b431126e4","name":"authorization code","schema":"https://schema.getpostman.com/json/collection/v2.1.0/collection.json"},"item":[{"name":"get-auth-code","id":"519f1b58-e594-47a0-87fb-7088d0f58d62","protocolProfileBehavior":{"disableBodyPruning":true},"request":{"method":"GET","header":[],"url":{"raw":"http://localhost:8180/realms/todoapp-realm/protocol/openid-connect/auth?response_type=code&client_id=todoapp-client&state=sidyuf8s67dfisdgf&scope=openid phone&redirect_uri=https://localhost:8080/redirect","protocol":"http","host":["localhost"],"port":"8180","path":["realms","todoapp-realm","protocol","openid-connect","auth"],"query":[{"key":"response_type","value":"code"},{"key":"client_id","value":"todoapp-client"},{"key":"state","value":"sidyuf8s67dfisdgf"},{"key":"scope","value":"openid phone"},{"key":"redirect_uri","value":"https://localhost:8080/redirect"}]}},"response":[]},{"name":"get-access-token","id":"b4a8a7a0-d87f-406a-8dc1-a7416177dde4","protocolProfileBehavior":{"disableBodyPruning":true},"request":{"method":"POST","header":[],"body":{"mode":"urlencoded","urlencoded":[{"key":"grant_type","value":"authorization_code","type":"text"},{"key":"client_id","value":"todoapp-client","type":"text"},{"key":"client_secret","value":"8CeZQfQd3xQfaK9E3FG60EStZTKoFkMN","type":"text"},{"key":"code","value":"ab210c87-c73b-4af0-8f51-189e0442c01f.be00b231-3155-4fa3-ae8e-36b0795ca0bf.94cc30a4-80cb-4b15-a47d-b61191da9182","type":"text"},{"key":"redirect_uri","value":"https://localhost:8080/redirect","type":"text"}]},"url":{"raw":"http://localhost:8180/realms/todoapp-realm/protocol/openid-connect/token","protocol":"http","host":["localhost"],"port":"8180","path":["realms","todoapp-realm","protocol","openid-connect","token"]}},"response":[]}]}