{"info":{"_postman_id":"5e652ba1-00ec-4465-bfd9-9476e3cc12da","name":"Actuator","schema":"https://schema.getpostman.com/json/collection/v2.1.0/collection.json"},"item":[{"name":"refresh-module","id":"fa68e297-29cb-4b19-a0a5-63818d6f96e9","protocolProfileBehavior":{"disableBodyPruning":true},"request":{"method":"POST","header":[],"url":{"raw":"http://localhost:8765/planner-users/actuator/refresh","protocol":"http","host":["localhost"],"port":"8765","path":["planner-users","actuator","refresh"]}},"response":[]},{"name":"refresh-modules-bus","id":"2ec639d6-008a-4477-b495-39174247e544","protocolProfileBehavior":{"disableBodyPruning":true},"request":{"method":"GET","header":[],"url":{"raw":"http://localhost:8888/actuator/bus-refresh","protocol":"http","host":["localhost"],"port":"8888","path":["actuator","bus-refresh"]}},"response":[]}]}