{"info":{"_postman_id":"88e3b29e-2c34-4876-97b2-37624951f560","name":"Priority","schema":"https://schema.getpostman.com/json/collection/v2.1.0/collection.json"},"item":[{"name":"priorities-by-email","id":"7d9ed08f-7ecd-4f59-a3b1-315fc7af4925","protocolProfileBehavior":{"disableBodyPruning":true},"request":{"method":"POST","header":[],"body":{"mode":"raw","raw":"email13@gmail.com"},"url":{"raw":"https://localhost:8080/priority/all","protocol":"https","host":["localhost"],"port":"8080","path":["priority","all"]}},"response":[]},{"name":"add-priority","id":"6e3445a1-890d-4202-90b6-43db7f7a1b71","protocolProfileBehavior":{"disableBodyPruning":true},"request":{"method":"POST","header":[],"body":{"mode":"raw","raw":"{\r\n        \"title\": \"Супер высокий\",\r\n        \"color\": \"#fff\",\r\n        \"user\": {\r\n            \"id\": 10037\r\n        }\r\n}","options":{"raw":{"language":"json"}}},"url":{"raw":"https://localhost:8080/priority/add","protocol":"https","host":["localhost"],"port":"8080","path":["priority","add"]}},"response":[]},{"name":"update-priority","id":"001eea4c-3c68-4074-833a-50fd033a767b","protocolProfileBehavior":{"disableBodyPruning":true},"request":{"method":"PUT","header":[],"body":{"mode":"raw","raw":"{\r\n    \"id\": 75955,\r\n    \"title\": \"Супер высокий22\",\r\n    \"color\": \"#fff\",\r\n    \"user\": {\r\n        \"id\": 10037\r\n    }\r\n}","options":{"raw":{"language":"json"}}},"url":{"raw":"https://localhost:8080/priority/update","protocol":"https","host":["localhost"],"port":"8080","path":["priority","update"]}},"response":[]},{"name":"search-priority","id":"81ac96fe-31eb-4b0e-933f-6727b17feecc","protocolProfileBehavior":{"disableBodyPruning":true},"request":{"method":"POST","header":[],"body":{"mode":"raw","raw":"{\r\n        \"title\": \"с\",\r\n        \"email\": \"email13@gmail.com\"\r\n}","options":{"raw":{"language":"json"}}},"url":{"raw":"https://localhost:8080/priority/search","protocol":"https","host":["localhost"],"port":"8080","path":["priority","search"]}},"response":[]},{"name":"search-priority-by-id","id":"03bd06b1-3a07-45b3-b5bb-9f4ebae01aa2","protocolProfileBehavior":{"disableBodyPruning":true},"request":{"method":"POST","header":[],"body":{"mode":"raw","raw":"30113","options":{"raw":{"language":"json"}}},"url":{"raw":"https://localhost:8080/priority/id","protocol":"https","host":["localhost"],"port":"8080","path":["priority","id"]}},"response":[]},{"name":"delete-priority","id":"e45728bc-e8a7-484f-a752-304b61afcc13","protocolProfileBehavior":{"disableBodyPruning":true},"request":{"method":"DELETE","header":[],"body":{"mode":"raw","raw":"","options":{"raw":{"language":"json"}}},"url":{"raw":"https://localhost:8080/priority/delete/30113","protocol":"https","host":["localhost"],"port":"8080","path":["priority","delete","30113"]}},"response":[]}]}