{"info":{"_postman_id":"bd031fff-273e-4ca6-8486-50f964498f7b","name":"Category-micro","schema":"https://schema.getpostman.com/json/collection/v2.1.0/collection.json"},"item":[{"name":"add-category-micro","id":"181949ac-6552-415c-ae64-e6eb4f81e6d7","protocolProfileBehavior":{"disableBodyPruning":true},"request":{"method":"POST","header":[],"body":{"mode":"raw","raw":"{\r\n        \"title\": \"Здорfовье\",\r\n        \"userId\": \"234\"\r\n}","options":{"raw":{"language":"json"}}},"url":{"raw":"http://localhost:8765/planner-todo/category/add","protocol":"http","host":["localhost"],"port":"8765","path":["planner-todo","category","add"]}},"response":[]},{"name":"categories-by-userid","id":"cf3480fe-ca01-404a-882e-d679329a9371","protocolProfileBehavior":{"disableBodyPruning":true,"disabledSystemHeaders":{"content-type":true}},"request":{"method":"POST","header":[{"key":"Content-Type","value":"application/json;charset=utf-8","type":"default"}],"body":{"mode":"raw","raw":"1234"},"url":{"raw":"http://localhost:8765/planner-todo/category/all","protocol":"http","host":["localhost"],"port":"8765","path":["planner-todo","category","all"]}},"response":[]},{"name":"update-category-micro","id":"99890a38-8791-48ae-a7e6-26d99199bbe6","protocolProfileBehavior":{"disableBodyPruning":true},"request":{"method":"PUT","header":[],"body":{"mode":"raw","raw":"{\r\n        \"id\": \"8\",\r\n        \"title\": \"Новое значение\",\r\n        \"userId\": \"1234\"\r\n}","options":{"raw":{"language":"json"}}},"url":{"raw":"http://localhost:8765/planner-todo/category/update","protocol":"http","host":["localhost"],"port":"8765","path":["planner-todo","category","update"]}},"response":[]},{"name":"search-category-micro","id":"e7e0def4-6cb3-4763-a98d-0bac1534f3cd","protocolProfileBehavior":{"disableBodyPruning":true},"request":{"method":"POST","header":[],"body":{"mode":"raw","raw":"{\r\n        \"title\": \"d\",\r\n        \"userId\": \"1234\"\r\n}","options":{"raw":{"language":"json"}}},"url":{"raw":"http://localhost:8765/planner-todo/category/search","protocol":"http","host":["localhost"],"port":"8765","path":["planner-todo","category","search"]}},"response":[]},{"name":"search-category-by-id-micro","id":"83747305-cd3c-4329-91f8-ad3162a6757e","protocolProfileBehavior":{"disableBodyPruning":true},"request":{"method":"POST","header":[],"body":{"mode":"raw","raw":"8","options":{"raw":{"language":"json"}}},"url":{"raw":"http://localhost:8765/planner-todo/category/id","protocol":"http","host":["localhost"],"port":"8765","path":["planner-todo","category","id"]}},"response":[]},{"name":"delete-category-micro","id":"3d52a67a-9a91-4069-be33-eb70f0ce514b","protocolProfileBehavior":{"disableBodyPruning":true},"request":{"method":"DELETE","header":[],"body":{"mode":"raw","raw":"","options":{"raw":{"language":"json"}}},"url":{"raw":"http://localhost:8765/planner-todo/category/delete/8","protocol":"http","host":["localhost"],"port":"8765","path":["planner-todo","category","delete","8"]}},"response":[]}]}