{"info":{"_postman_id":"bf40c047-e8f7-4cc8-9aa8-27f6275009b3","name":"Task","schema":"https://schema.getpostman.com/json/collection/v2.1.0/collection.json"},"item":[{"name":"tasks-by-email","id":"7bbc946a-91c0-4923-8eb8-169945b330c2","protocolProfileBehavior":{"disableBodyPruning":true},"request":{"method":"POST","header":[],"body":{"mode":"raw","raw":"email13@gmail.com"},"url":{"raw":"https://localhost:8080/task/all","protocol":"https","host":["localhost"],"port":"8080","path":["task","all"]}},"response":[]},{"name":"add-task","id":"1473bbf1-2f5e-420d-a844-e78a9f54d233","protocolProfileBehavior":{"disableBodyPruning":true},"request":{"method":"POST","header":[],"body":{"mode":"raw","raw":"{\r\n        \"title\": \"Тестовая задача\",\r\n        \"completed\": false,\r\n        \"taskDate\": \"2015-01-02T18:00:00.000+00:00\",\r\n        \"priority\": {\r\n            \"id\": 30111          \r\n        },\r\n        \"category\": {\r\n            \"id\": 60199\r\n        },\r\n        \"user\": {\r\n            \"id\": 10037\r\n        }\r\n    }","options":{"raw":{"language":"json"}}},"url":{"raw":"https://localhost:8080/task/add","protocol":"https","host":["localhost"],"port":"8080","path":["task","add"]}},"response":[]},{"name":"update-task","id":"5d40b5e6-2731-4a49-897c-6c7c75670777","protocolProfileBehavior":{"disableBodyPruning":true},"request":{"method":"PUT","header":[],"body":{"mode":"raw","raw":"{\r\n    \"id\": 126615,\r\n    \"title\": \"Тестовая задача222\",\r\n    \"completed\": false,\r\n    \"taskDate\": \"2015-01-02T18:00:00.000+00:00\",\r\n    \"priority\": {\r\n        \"id\": 30111,\r\n        \"title\": null,\r\n        \"color\": null,\r\n        \"user\": null\r\n    },\r\n    \"category\": {\r\n        \"id\": 60199,\r\n        \"title\": null,\r\n        \"completedCount\": null,\r\n        \"uncompletedCount\": null,\r\n        \"user\": null\r\n    },\r\n    \"user\": {\r\n        \"id\": 10037,\r\n        \"email\": null,\r\n        \"username\": null,\r\n        \"password\": null\r\n    }\r\n}","options":{"raw":{"language":"json"}}},"url":{"raw":"https://localhost:8080/task/update","protocol":"https","host":["localhost"],"port":"8080","path":["task","update"]}},"response":[]},{"name":"search-tasks","id":"3f8f7698-d674-43cb-8ce3-190cbf11861c","protocolProfileBehavior":{"disableBodyPruning":true},"request":{"method":"POST","header":[],"body":{"mode":"raw","raw":"{\r\n    \"email\": \"email13@gmail.com\",\r\n    \"sortColumn\": \"title\",\r\n    \"sortDirection\": \"desc\",\r\n    \"pageNumber\": 0,\r\n    \"pageSize\": 5\r\n}","options":{"raw":{"language":"json"}}},"url":{"raw":"https://localhost:8080/task/search","protocol":"https","host":["localhost"],"port":"8080","path":["task","search"]}},"response":[]},{"name":"search-task-by-id","id":"1159a449-23e0-4f79-8c5a-ff54ca05141b","protocolProfileBehavior":{"disableBodyPruning":true},"request":{"method":"POST","header":[],"body":{"mode":"raw","raw":"30113","options":{"raw":{"language":"json"}}},"url":{"raw":"https://localhost:8080/task/id","protocol":"https","host":["localhost"],"port":"8080","path":["task","id"]}},"response":[]},{"name":"delete-task","id":"2242b2d7-b71c-44b6-9034-9af1bebb7d73","protocolProfileBehavior":{"disableBodyPruning":true},"request":{"method":"DELETE","header":[],"body":{"mode":"raw","raw":"","options":{"raw":{"language":"json"}}},"url":{"raw":"https://localhost:8080/task/delete/50223","protocol":"https","host":["localhost"],"port":"8080","path":["task","delete","50223"]}},"response":[]}]}