{"info":{"_postman_id":"cecf6653-502c-4d88-9aed-d0c8e70e33f3","name":"Role-micro","schema":"https://schema.getpostman.com/json/collection/v2.1.0/collection.json"},"item":[{"name":"add-role-micro","id":"243f89d8-3128-41db-a364-17278a6797d2","protocolProfileBehavior":{"disableBodyPruning":true},"request":{"method":"POST","header":[],"body":{"mode":"raw","raw":"{\r\n        \"name\": \"Роль1\"\r\n}","options":{"raw":{"language":"json"}}},"url":{"raw":"http://localhost:8765/planner-users/role/add","protocol":"http","host":["localhost"],"port":"8765","path":["planner-users","role","add"]}},"response":[]},{"name":"delete-role-micro","id":"a509d270-5a6b-4d51-9e32-492f5e9dbe5d","protocolProfileBehavior":{"disableBodyPruning":true},"request":{"method":"POST","header":[],"body":{"mode":"raw","raw":"8","options":{"raw":{"language":"json"}}},"url":{"raw":"http://localhost:8765/planner-users/role/deletebyid","protocol":"http","host":["localhost"],"port":"8765","path":["planner-users","role","deletebyid"]}},"response":[]},{"name":"update-role-micro","id":"82f4353f-2372-4441-b986-d84007c8cc74","protocolProfileBehavior":{"disableBodyPruning":true},"request":{"method":"PUT","header":[],"body":{"mode":"raw","raw":"{\r\n    \"id\":\"9\",\r\n    \"name\": \"новая роль 3333\"\r\n}","options":{"raw":{"language":"json"}}},"url":{"raw":"http://localhost:8765/planner-users/role/update","protocol":"http","host":["localhost"],"port":"8765","path":["planner-users","role","update"]}},"response":[]},{"name":"find-role-byid-micro","id":"c3b60a79-b63e-4379-a1c5-fb4ed114df24","protocolProfileBehavior":{"disableBodyPruning":true,"disabledSystemHeaders":{"content-type":true}},"request":{"method":"POST","header":[{"key":"Content-Type","value":"application/json;charset=utf8","type":"default"}],"body":{"mode":"raw","raw":"9"},"url":{"raw":"http://localhost:8765/planner-users/role/id","protocol":"http","host":["localhost"],"port":"8765","path":["planner-users","role","id"]}},"response":[]},{"name":"find-role-byname-micro","id":"ffc782ce-1221-441a-8bc0-22837b8de490","protocolProfileBehavior":{"disableBodyPruning":true,"disabledSystemHeaders":{"content-type":true}},"request":{"method":"POST","header":[{"key":"Content-Type","value":"application/json;charset=utf8","type":"default"}],"body":{"mode":"raw","raw":"{\r\n    \"name\": \"НОВАЯ РОЛЬ 3333\"\r\n}"},"url":{"raw":"http://localhost:8765/planner-users/role/search","protocol":"http","host":["localhost"],"port":"8765","path":["planner-users","role","search"]}},"response":[]}]}