{"info":{"_postman_id":"e1f7dcdb-b832-4c74-9172-2f955cb1910a","name":"Task-micro","schema":"https://schema.getpostman.com/json/collection/v2.1.0/collection.json"},"item":[{"name":"tasks-by-userid-micro","id":"b48c2b01-e2e6-4fc7-9344-fb8210d4d73f","protocolProfileBehavior":{"disableBodyPruning":true,"disabledSystemHeaders":{"content-type":true}},"request":{"method":"POST","header":[{"key":"Content-Type","value":"application/json;charset=utf8","type":"default"}],"body":{"mode":"raw","raw":"123"},"url":{"raw":"http://localhost:8765/planner-todo/task/all","protocol":"http","host":["localhost"],"port":"8765","path":["planner-todo","task","all"]}},"response":[]},{"name":"update-task-micro","id":"7e7c0a5e-42ad-4eb6-8a41-f7d5671d1582","protocolProfileBehavior":{"disableBodyPruning":true},"request":{"method":"PUT","header":[],"body":{"mode":"raw","raw":"{\r\n    \"id\": 1,\r\n    \"title\": \"Тестовая !!!!\",\r\n    \"completed\": false,\r\n    \"taskDate\": \"2017-01-02T18:00:00.000+00:00\",\r\n    \"priority\": {\r\n        \"id\": 2\r\n    },\r\n    \"category\": {\r\n        \"id\": 10\r\n    },\r\n    \"userId\": \"123\"\r\n}","options":{"raw":{"language":"json"}}},"url":{"raw":"http://localhost:8765/planner-todo/task/update","protocol":"http","host":["localhost"],"port":"8765","path":["planner-todo","task","update"]}},"response":[]},{"name":"search-tasks-micro","id":"4c991469-5347-4515-a6c9-6a25c2e5f02c","protocolProfileBehavior":{"disableBodyPruning":true},"request":{"method":"POST","header":[],"body":{"mode":"raw","raw":"{\r\n    \"userId\": \"1234\",\r\n    \"title\": \"а\",\r\n    \"sortColumn\": \"title\",\r\n    \"sortDirection\": \"desc\",\r\n    \"pageNumber\": 0,\r\n    \"pageSize\": 5\r\n}","options":{"raw":{"language":"json"}}},"url":{"raw":"http://localhost:8765/planner-todo/task/search","protocol":"http","host":["localhost"],"port":"8765","path":["planner-todo","task","search"]}},"response":[]},{"name":"search-task-by-id-micro","id":"ab184aee-53dd-443d-8b2c-c33de029995a","protocolProfileBehavior":{"disableBodyPruning":true},"request":{"method":"POST","header":[],"body":{"mode":"raw","raw":"1","options":{"raw":{"language":"json"}}},"url":{"raw":"http://localhost:8765/planner-todo/task/id","protocol":"http","host":["localhost"],"port":"8765","path":["planner-todo","task","id"]}},"response":[]},{"name":"delete-task-micro","id":"f3c786b0-1d75-4a14-94f7-99b28b66c4f2","protocolProfileBehavior":{"disableBodyPruning":true},"request":{"method":"DELETE","header":[],"body":{"mode":"raw","raw":"","options":{"raw":{"language":"json"}}},"url":{"raw":"http://localhost:8765/planner-todo/task/delete/1","protocol":"http","host":["localhost"],"port":"8765","path":["planner-todo","task","delete","1"]}},"response":[]},{"name":"add-task-micro","id":"4c690083-decb-47d6-8b24-12c8f3f3a412","protocolProfileBehavior":{"disableBodyPruning":true},"request":{"method":"POST","header":[],"body":{"mode":"raw","raw":"{\r\n        \"title\": \"Тестовая задача\",\r\n        \"completed\": false,\r\n        \"taskDate\": \"2015-01-02T18:00:00.000+00:00\",\r\n        \"userId\":\"1234\"\r\n    }","options":{"raw":{"language":"json"}}},"url":{"raw":"http://localhost:8765/planner-todo/task/add","protocol":"http","host":["localhost"],"port":"8765","path":["planner-todo","task","add"]}},"response":[]}]}