{"info":{"_postman_id":"e41da596-5c6f-4596-9bbc-934354600c30","name":"Category","schema":"https://schema.getpostman.com/json/collection/v2.1.0/collection.json"},"item":[{"name":"categories-by-email","id":"bcd4c793-abc7-400b-9faf-08a49511b609","protocolProfileBehavior":{"disableBodyPruning":true},"request":{"method":"POST","header":[],"body":{"mode":"raw","raw":"email13@gmail.com"},"url":{"raw":"https://localhost:8080/category/all","protocol":"https","host":["localhost"],"port":"8080","path":["category","all"]}},"response":[]},{"name":"add-category","id":"7bdcaa97-3d00-4e3a-9676-1ddff366cf7d","protocolProfileBehavior":{"disableBodyPruning":true},"request":{"method":"POST","header":[],"body":{"mode":"raw","raw":"{\r\n        \"title\": \"Здоровье222\",\r\n        \"user\": {\r\n            \"id\": 10037\r\n        }\r\n}","options":{"raw":{"language":"json"}}},"url":{"raw":"https://localhost:8080/category/add","protocol":"https","host":["localhost"],"port":"8080","path":["category","add"]}},"response":[]},{"name":"update-category","id":"f46076de-58f5-49b3-af46-8885b55e4441","protocolProfileBehavior":{"disableBodyPruning":true},"request":{"method":"PUT","header":[],"body":{"mode":"raw","raw":"{\r\n        \"id\": \"60204\",\r\n        \"title\": \"Новое значение\",\r\n        \"user\": {\r\n            \"id\": 10037\r\n        }\r\n\r\n}","options":{"raw":{"language":"json"}}},"url":{"raw":"https://localhost:8080/category/update","protocol":"https","host":["localhost"],"port":"8080","path":["category","update"]}},"response":[]},{"name":"search-category","id":"2fc68112-f5f0-4b6c-ad88-72e38a5f71ca","protocolProfileBehavior":{"disableBodyPruning":true},"request":{"method":"POST","header":[],"body":{"mode":"raw","raw":"{\r\n        \"title\": \"о\",\r\n        \"email\": \"email13@gmail.com\"\r\n}","options":{"raw":{"language":"json"}}},"url":{"raw":"https://localhost:8080/category/search","protocol":"https","host":["localhost"],"port":"8080","path":["category","search"]}},"response":[]},{"name":"search-category-by-id","id":"70f96922-96a1-40f1-afa8-03559e08c163","protocolProfileBehavior":{"disableBodyPruning":true},"request":{"method":"POST","header":[],"body":{"mode":"raw","raw":"151874","options":{"raw":{"language":"json"}}},"url":{"raw":"https://localhost:8080/category/id","protocol":"https","host":["localhost"],"port":"8080","path":["category","id"]}},"response":[]},{"name":"delete-category","id":"5451c9d8-d0d3-4261-b9e3-34acd5728e8b","protocolProfileBehavior":{"disableBodyPruning":true},"request":{"method":"DELETE","header":[],"body":{"mode":"raw","raw":"","options":{"raw":{"language":"json"}}},"url":{"raw":"https://localhost:8080/category/delete/60204","protocol":"https","host":["localhost"],"port":"8080","path":["category","delete","60204"]}},"response":[]}]}