{"info":{"_postman_id":"e955b190-b7a4-4a7f-bc7f-7af841f476ce","name":"pkce","schema":"https://schema.getpostman.com/json/collection/v2.1.0/collection.json"},"item":[{"name":"get-auth-code-pkce","id":"91f88bb1-0378-4012-93fb-178493e00810","protocolProfileBehavior":{"disableBodyPruning":true},"request":{"method":"GET","header":[],"url":{"raw":"http://localhost:8180/realms/todoapp-realm/protocol/openid-connect/auth?response_type=code&client_id=todoapp-client&state=sidyuf8s67dfisdgf&scope=openid profile&redirect_uri=https://localhost:8080/redirect&code_challenge=UKdJz9LRT0J9iE6nnm3fVC9CeykpV09Yk4ykqSyk3rI&code_challenge_method=S256","protocol":"http","host":["localhost"],"port":"8180","path":["realms","todoapp-realm","protocol","openid-connect","auth"],"query":[{"key":"response_type","value":"code"},{"key":"client_id","value":"todoapp-client"},{"key":"state","value":"sidyuf8s67dfisdgf"},{"key":"scope","value":"openid profile"},{"key":"redirect_uri","value":"https://localhost:8080/redirect"},{"key":"code_challenge","value":"UKdJz9LRT0J9iE6nnm3fVC9CeykpV09Yk4ykqSyk3rI"},{"key":"code_challenge_method","value":"S256"}]}},"response":[]},{"name":"get-access-token-pkce","id":"0f8aa011-6d64-488e-9614-5542b99ab0c2","protocolProfileBehavior":{"disableBodyPruning":true},"request":{"method":"POST","header":[],"body":{"mode":"urlencoded","urlencoded":[{"key":"grant_type","value":"authorization_code","type":"text"},{"key":"client_id","value":"todoapp-client","type":"text"},{"key":"code","value":"1c02f6b5-eba8-44ab-8ed1-ccdb60c01b2e.79ad0e82-f94f-4aef-aa7d-1208ed093c68.94cc30a4-80cb-4b15-a47d-b61191da9182","type":"text"},{"key":"redirect_uri","value":"https://localhost:8080/redirect","type":"text"},{"key":"code_verifier","value":"t.XTHUrgIo06g0Uirtj0.z09Cufi7J3AuqeyCx78Zkv9.UW.u7zd59BCxzD2SFfJVmImZO0latYd_5nRhVGjegrDaO9sqKx5hqr0vbD63kbuMkmHBDWFcMhJJn0pFuCA","type":"text"}]},"url":{"raw":"http://localhost:8180/realms/todoapp-realm/protocol/openid-connect/token","protocol":"http","host":["localhost"],"port":"8180","path":["realms","todoapp-realm","protocol","openid-connect","token"]}},"response":[]}]}